time_s,position_m
0.0,0.001728247387199963
0.002,0.004766999377290587
0.004,0.008699071387787076
0.006,0.01511492388426927
0.008,0.0227323360931222
0.01,0.03158631483001989
0.012,0.041554583872742225
0.014,0.05328415928266598
0.016,0.06653904518579928
0.018000000000000002,0.08058102140230164
0.020000000000000004,0.09649646899886484
0.022000000000000006,0.11315845452087551
0.024000000000000007,0.1318023419203217
0.02600000000000001,0.15103632330460562
0.02800000000000001,0.17211629021764716
0.030000000000000013,0.1943895380118824
0.032000000000000015,0.21758913333658164
0.034000000000000016,0.2419128923498196
0.03600000000000002,0.2668093725690041
0.03800000000000002,0.294006299187742
0.04000000000000002,0.3215657029181284
0.04200000000000002,0.3503206271278169
0.044000000000000025,0.3806891990396971
0.04600000000000003,0.41190971506919377
0.04800000000000003,0.4444098947813173
0.05000000000000003,0.4770475151341699
0.05200000000000003,0.5116407492684403
0.054000000000000034,0.5457583649094473
0.056000000000000036,0.5827351752451215
0.05800000000000004,0.6200324148860616
0.06000000000000004,0.6580703559650759
0.06200000000000004,0.6975888230404407
0.06400000000000004,0.737352897960104
0.06600000000000004,0.7786350662347075
0.06800000000000005,0.8205335377933689
0.07000000000000005,0.8628266761952942
0.07200000000000005,0.906678302087047
0.07400000000000005,0.9512156645675817
0.07600000000000005,0.9965530600896347
0.07800000000000006,1.0426013131179472
0.08000000000000006,1.0896299662915159
0.08200000000000006,1.13776028787967
0.08400000000000006,1.1860599053656855
0.08600000000000006,1.2355576251521743
0.08800000000000006,1.286063300951354
0.09000000000000007,1.33697986362121
0.09200000000000007,1.3884875335776745
0.09400000000000007,1.4406050418668155
0.09600000000000007,1.4935506272940495
0.09800000000000007,1.5479156575696313
0.10000000000000007,1.6024218738399447
0.10200000000000008,1.6578973144581313
0.10400000000000008,1.7138027778143985
0.10600000000000008,1.770040907909829
0.10800000000000008,1.82733346315323
0.11000000000000008,1.8852510523281767
0.11200000000000009,1.9437821727025264
0.11400000000000009,2.0030080648349182
0.11600000000000009,2.0629645647215367
0.11800000000000009,2.1230870317272466
0.12000000000000009,2.183999899710909
0.1220000000000001,2.2453781882408705
0.1240000000000001,2.3073632743461006
0.12600000000000008,2.3700302158609703
0.12800000000000009,2.43326115077608
0.1300000000000001,2.497198959583697
0.1320000000000001,2.561713547841517
0.1340000000000001,2.6261056979914197
0.1360000000000001,2.6914174853191644
0.1380000000000001,2.757581106170044
0.1400000000000001,2.824462850521184
0.1420000000000001,2.890452952435145
0.1440000000000001,2.957803024728286
0.1460000000000001,3.0258135993218414
0.1480000000000001,3.094092361452684
0.1500000000000001,3.16277097528973
0.1520000000000001,3.232223533087555
0.1540000000000001,3.301551115586349
0.1560000000000001,3.3714396737284082
0.1580000000000001,3.4424801171103927
0.16000000000000011,3.5132042313050484
0.16200000000000012,3.58481740881124
0.16400000000000012,3.6565172922233407
0.16600000000000012,3.7287668559251386
0.16800000000000012,3.8011280719755556
0.17000000000000012,3.874022427712498
0.17200000000000013,3.9473690970685493
0.17400000000000013,4.021434064049139
0.17600000000000013,4.094978063525879
0.17800000000000013,4.169980063666743
0.18000000000000013,4.244764646357625
0.18200000000000013,4.320220467471719
0.18400000000000014,4.395090650790733
0.18600000000000014,4.471347325291808
0.18800000000000014,4.547687474076807
0.19000000000000014,4.623865665657548
0.19200000000000014,4.7013402754779685
0.19400000000000014,4.777949510017249
0.19600000000000015,4.855476224235436
0.19800000000000015,4.933930004879622
0.20000000000000015,5.011864977600672
0.20200000000000015,5.090192639112811
0.20400000000000015,5.168755250844885
0.20600000000000016,5.24742651665562
0.20800000000000016,5.326409667007335
0.21000000000000016,5.406669919154072
0.21200000000000016,5.486739487884926
0.21400000000000016,5.566329545922782
0.21600000000000016,5.646690935465864
0.21800000000000017,5.727395023400004
0.22000000000000017,5.808227054590068
0.22200000000000017,5.889630739167169
0.22400000000000017,5.971039800216402
0.22600000000000017,6.0525569328334035
0.22800000000000017,6.133991223688231
0.23000000000000018,6.216402836749149
0.23200000000000018,6.298590690747048
0.23400000000000018,6.3811229173902575
0.23600000000000018,6.463434659472551
0.23800000000000018,6.5466098204178245
0.24000000000000019,6.630387367812082
0.2420000000000002,6.713645076542567
0.2440000000000002,6.797063087545064
0.2460000000000002,6.881177575397549
0.2480000000000002,6.964889632725384
0.25000000000000017,7.048541176873564
0.25200000000000017,7.133340122701564
0.25400000000000017,7.217812070833415
0.25600000000000017,7.302969480254194
0.2580000000000002,7.387980234284546
0.2600000000000002,7.47263631629522
0.2620000000000002,7.558092320911956
0.2640000000000002,7.644014501805077
0.2660000000000002,7.729353161427945
0.2680000000000002,7.815239462686211
0.2700000000000002,7.901138459494406
0.2720000000000002,7.98745969232819
0.2740000000000002,8.07401293616165
0.2760000000000002,8.160628531543537
0.2780000000000002,8.246701331300113
0.2800000000000002,8.33349948404815
0.2820000000000002,8.420511032546662
0.2840000000000002,8.507329041723924
0.2860000000000002,8.594342295416029
0.2880000000000002,8.682242766648828
0.2900000000000002,8.769150796988708
0.2920000000000002,8.857173279076923
0.2940000000000002,8.945219906852621
0.2960000000000002,9.032988085167812
0.2980000000000002,9.120658106522537
0.3000000000000002,9.209059192994209
0.3020000000000002,9.297345365656865
0.3040000000000002,9.38605644923396
0.3060000000000002,9.474483150646424
0.3080000000000002,9.563011756627022
0.3100000000000002,9.651618952772965
0.3120000000000002,9.740174618009348
0.3140000000000002,9.829661558202572
0.3160000000000002,9.918688371465787
0.3180000000000002,10.007645461530615
0.32000000000000023,10.09679407797351
0.32200000000000023,10.186428929856781
0.32400000000000023,10.275694854920806
0.32600000000000023,10.365427457870323
0.32800000000000024,10.455278863371635
0.33000000000000024,10.544691017322283
0.33200000000000024,10.634692897167628
0.33400000000000024,10.724490411821092
0.33600000000000024,10.81442781745097
0.33800000000000024,10.904770924787082
0.34000000000000025,10.994872366462909
0.34200000000000025,11.085591710451936
0.34400000000000025,11.17569630933008
0.34600000000000025,11.266134786491548
0.34800000000000025,11.35665115873718
0.35000000000000026,11.447491255035683
0.35200000000000026,11.538179196332882
0.35400000000000026,11.628879633050174
0.35600000000000026,11.719373277941747
0.35800000000000026,11.810599705865055
0.36000000000000026,11.901375524687328
0.36200000000000027,11.992919293725153
0.36400000000000027,12.084090915540859
0.36600000000000027,12.175500358950591
0.36800000000000027,12.2665480781555
0.3700000000000003,12.357735398332894
0.3720000000000003,12.448851581540517
0.3740000000000003,12.5406364406908
0.3760000000000003,12.631700156799297
0.3780000000000003,12.723789850178022
0.3800000000000003,12.815733838825103
0.3820000000000003,12.907583564309888
0.3840000000000003,12.998820674463904
0.3860000000000003,13.090976971515321
0.3880000000000003,13.182637968671482
0.3900000000000003,13.274698866109514
0.3920000000000003,13.36657615016652
0.3940000000000003,13.4588776055981
0.3960000000000003,13.550759266521863
0.3980000000000003,13.643181410090357
0.4000000000000003,13.735159021152532
0.4020000000000003,13.827131314023285
0.4040000000000003,13.91944996522954
0.4060000000000003,14.012012408112636
0.4080000000000003,14.10423898106249
0.4100000000000003,14.196782509057286
0.4120000000000003,14.289346753692191
0.4140000000000003,14.38136295000834
0.4160000000000003,14.474458120116154
0.4180000000000003,14.566482345527923
0.4200000000000003,14.65956351779553
0.4220000000000003,14.752706821724498
0.4240000000000003,14.845097868533585
0.4260000000000003,14.937390449700509
0.4280000000000003,15.030064174671013
0.4300000000000003,15.123409298937082
0.43200000000000033,15.216238414203174
0.43400000000000033,15.30866246517849
0.43600000000000033,15.402042165574818
0.43800000000000033,15.494741593384814
0.44000000000000034,15.587927097075688
0.44200000000000034,15.681017384702614
0.44400000000000034,15.773577723006241
0.44600000000000034,15.866775040225905
0.44800000000000034,15.960265448793223
0.45000000000000034,16.053347634129654
0.45200000000000035,16.14601554901172
0.45400000000000035,16.239370387806538
0.45600000000000035,16.332720862197384
0.45800000000000035,16.426097418442264
0.46000000000000035,16.518981235520084
0.46200000000000035,16.612243653784862
0.46400000000000036,16.704913466406687
0.46600000000000036,16.7975456552858
0.46800000000000036,16.89009933625258
0.47000000000000036,16.982317829612963
0.47200000000000036,17.074452301577008
0.47400000000000037,17.166365453843447
0.47600000000000037,17.258646656983906
0.47800000000000037,17.35035822963993
0.48000000000000037,17.44200529170962
0.4820000000000004,17.5335421965634
0.4840000000000004,17.62507338220854
0.4860000000000004,17.71683009554464
0.4880000000000004,17.807503818149232
0.4900000000000004,17.89873656608298
0.4920000000000004,17.989408958057826
0.4940000000000004,18.080220188303276
0.4960000000000004,18.170332709898027
0.4980000000000004,18.261436012691533
0.5000000000000003,18.351547543386403
0.5020000000000003,18.44147183245489
0.5040000000000003,18.531847743790657
0.5060000000000003,18.621678002979703
0.5080000000000003,18.711566068770072
0.5100000000000003,18.80112404664337
0.5120000000000003,18.89051558443885
0.5140000000000003,18.979752381056105
0.5160000000000003,19.069462988745954
0.5180000000000003,19.158321114860183
0.5200000000000004,19.247452034612966
0.5220000000000004,19.335965290254087
0.5240000000000004,19.424824101533268
0.5260000000000004,19.51334917874624
0.5280000000000004,19.602246607225535
0.5300000000000004,19.690335141368436
0.5320000000000004,19.778693008965206
0.5340000000000004,19.866969772098525
0.5360000000000004,19.95513993085651
0.5380000000000004,20.042467547673574
0.5400000000000004,20.130064022596834
0.5420000000000004,20.217411687120357
0.5440000000000004,20.30506028818481
0.5460000000000004,20.392143537697933
0.5480000000000004,20.479390633642915
0.5500000000000004,20.567219208145914
0.5520000000000004,20.653606867571643
0.5540000000000004,20.740938423423028
0.5560000000000004,20.82731588161635
0.5580000000000004,20.913958516758044
0.5600000000000004,21.00033466103841
0.5620000000000004,21.086557587035312
0.5640000000000004,21.173320071940722
0.5660000000000004,21.258924285558685
0.5680000000000004,21.345262324411284
0.5700000000000004,21.431097028886846
0.5720000000000004,21.516358601948127
0.5740000000000004,21.60259039260099
0.5760000000000004,21.68744494543518
0.5780000000000004,21.772946570489918
0.5800000000000004,21.85791270920751
0.5820000000000004,21.943227940069033
0.5840000000000004,22.028592176556522
0.5860000000000004,22.11344011110913
0.5880000000000004,22.198088269925076
0.5900000000000004,22.28272586646003
0.5920000000000004,22.366981709195304
0.5940000000000004,22.451835888539165
0.5960000000000004,22.535844972091148
0.5980000000000004,22.620004480911913
0.6000000000000004,22.703923782085035
0.6020000000000004,22.787949206826752
0.6040000000000004,22.871749597819715
0.6060000000000004,22.95568805695454
0.6080000000000004,23.03903675969386
0.6100000000000004,23.12272475777217
0.6120000000000004,23.20620849751897
0.6140000000000004,23.289457556789394
0.6160000000000004,23.372125847133287
0.6180000000000004,23.45498070055029
0.6200000000000004,23.538234546666107
0.6220000000000004,23.62091504468714
0.6240000000000004,23.703793865988942
0.6260000000000004,23.786489720428015
0.6280000000000004,23.868995881822805
0.6300000000000004,23.95118971299556
0.6320000000000005,24.033224487572884
0.6340000000000005,24.11553782221091
0.6360000000000005,24.197314498915496
0.6380000000000005,24.27990685577168
0.6400000000000005,24.36085846940394
0.6420000000000005,24.44265179292567
0.6440000000000005,24.524150856251953
0.6460000000000005,24.60580514125961
0.6480000000000005,24.68751356819849
0.6500000000000005,24.768431978919622
0.6520000000000005,24.84959558276193
0.6540000000000005,24.930956585644672
0.6560000000000005,25.01156489644681
0.6580000000000005,25.09217214610544
0.6600000000000005,25.173043378745255
0.6620000000000005,25.253623561785105
0.6640000000000005,25.334379953478372
0.6660000000000005,25.41447609144727
0.6680000000000005,25.495105335001593
0.6700000000000005,25.57488071409004
0.6720000000000005,25.655325686684556
0.6740000000000005,25.734567107704404
0.6760000000000005,25.81498125217483
0.6780000000000005,25.894413948790447
0.6800000000000005,25.974707668348376
0.6820000000000005,26.053624041005566
0.6840000000000005,26.133176876155478
0.6860000000000005,26.212865372509068
0.6880000000000005,26.29159155845199
0.6900000000000005,26.370911451778944
0.6920000000000005,26.4496028302067
0.6940000000000005,26.528952799612348
0.6960000000000005,26.607279101055045
0.6980000000000005,26.68614565137155
0.7000000000000005,26.764892477504624
0.7020000000000005,26.84304118252434
0.7040000000000005,26.921838620366813
0.7060000000000005,27.000303921994117
0.7080000000000005,27.07847828782878
0.7100000000000005,27.156691579630582
0.7120000000000005,27.234686375453332
0.7140000000000005,27.312072635230052
0.7160000000000005,27.39016433611493
0.7180000000000005,27.46738894697444
0.7200000000000005,27.54536620561318
0.7220000000000005,27.622471296070117
0.7240000000000005,27.700351901261026
0.7260000000000005,27.777572603065963
0.7280000000000005,27.85464935965532
0.7300000000000005,27.93164454009803
0.7320000000000005,28.00871226658946
0.7340000000000005,28.08486369387453
0.7360000000000005,28.16262864677601
0.7380000000000005,28.23920245419925
0.7400000000000005,28.315965610403303
0.7420000000000005,28.392075060697522
0.7440000000000005,28.468237240460496
0.7460000000000006,28.544810111847518
0.7480000000000006,28.620864407565463
0.7500000000000006,28.69779324322619
0.7520000000000006,28.773127589361735
0.7540000000000006,28.849348014641777
0.7560000000000006,28.925367846254282
0.7580000000000006,29.001193012620288
0.7600000000000006,29.07693419598392
0.7620000000000006,29.15236967608404
0.7640000000000006,29.227566102882378
0.7660000000000006,29.303171410427115
0.7680000000000006,29.37858553880979
0.7700000000000006,29.45356074569856
0.7720000000000006,29.528605487443055
0.7740000000000006,29.60344529082829
0.7760000000000006,29.678404078415657
0.7780000000000006,29.753553901847457
0.7800000000000006,29.827640341247104
0.7820000000000006,29.903097698774104
0.7840000000000006,29.97730864725274
0.7860000000000006,30.05195332786596
0.7880000000000006,30.1262672186588
0.7900000000000006,30.200246226699818
0.7920000000000006,30.27416948319732
0.7940000000000006,30.3485061523602
0.7960000000000006,30.422646144307794
0.7980000000000006,30.495925015461548
0.8000000000000006,30.57091089591639
0.8020000000000006,30.643791267308057
0.8040000000000006,30.71764381869299
0.8060000000000006,30.79128898960994
0.8080000000000006,30.864622397013097
0.8100000000000006,30.93811286707356
0.8120000000000006,31.01137324519569
0.8140000000000006,31.08471328614203
0.8160000000000006,31.15696031279676
0.8180000000000006,31.23037651171225
0.8200000000000006,31.303328564533604
0.8220000000000006,31.376156344432175
0.8240000000000006,31.44876106057181
0.8260000000000006,31.52171414112496
0.8280000000000006,31.594159379968655
0.8300000000000006,31.66673785049938
0.8320000000000006,31.738919276107268
0.8340000000000006,31.811241972209608
0.8360000000000006,31.883788204885697
0.8380000000000006,31.955647202697207
0.8400000000000006,32.027968896758225
0.8420000000000006,32.09943105269197
0.8440000000000006,32.171337127685575
0.8460000000000006,32.243560134672165
0.8480000000000006,32.31493825704704
0.8500000000000006,32.3865198486272
0.8520000000000006,32.45831411588005
0.8540000000000006,32.529612733783544
0.8560000000000006,32.60063111693264
0.8580000000000007,32.67227671727389
0.8600000000000007,32.7434277537857
0.8620000000000007,32.814420971804815
0.8640000000000007,32.885597402791674
0.8660000000000007,32.95657896578054
0.8680000000000007,33.027509241434046
0.8700000000000007,33.09818284802485
0.8720000000000007,33.168786183033106
0.8740000000000007,33.23960066843593
0.8760000000000007,33.310133424639545
0.8780000000000007,33.38042618067197
0.8800000000000007,33.45083641569086
0.8820000000000007,33.52147756551214
0.8840000000000007,33.591217053621314
0.8860000000000007,33.661996861063585
0.8880000000000007,33.73155326913862
0.8900000000000007,33.8011601245016
0.8920000000000007,33.87135901927565
0.8940000000000007,33.941352516206685
0.8960000000000007,34.01104976558397
0.8980000000000007,34.0804920000035
0.9000000000000007,34.15012294541565
0.9020000000000007,34.219491358982616
0.9040000000000007,34.289134237549156
0.9060000000000007,34.35818417333012
0.9080000000000007,34.42771728365841
0.9100000000000007,34.496605995961616
0.9120000000000007,34.566098960656966
0.9140000000000007,34.63519839136441
0.9160000000000007,34.703762292775785
0.9180000000000007,34.77257800672581
0.9200000000000007,34.841397249805006
0.9220000000000007,34.91055044341389
0.9240000000000007,34.97856858422029
0.9260000000000007,35.04766578278837
0.9280000000000007,35.11562601288311
0.9300000000000007,35.1841644953874
0.9320000000000007,35.25231312319635
0.9340000000000007,35.32053641620744
0.9360000000000007,35.38907854992502
0.9380000000000007,35.456823625723295
0.9400000000000007,35.52499928536586
0.9420000000000007,35.59291552318986
0.9440000000000007,35.66041499403876
0.9460000000000007,35.728454863225615
0.9480000000000007,35.796433632052484
0.9500000000000007,35.86375008063835
0.9520000000000007,35.93115041039488
0.9540000000000007,35.998528675678564
0.9560000000000007,36.06588007720348
0.9580000000000007,36.13295844888806
0.9600000000000007,36.20100461760131
0.9620000000000007,36.26757851983593
0.9640000000000007,36.335211787178736
0.9660000000000007,36.4018187092208
0.9680000000000007,36.46871007055767
0.9700000000000008,36.53567761031573
0.9720000000000008,36.60239539780865
0.9740000000000008,36.66938975845949
0.9760000000000008,36.7361894066832
0.9780000000000008,36.80228374270538
0.9800000000000008,36.869227241806186
0.9820000000000008,36.935389906095374
0.9840000000000008,37.001720563876184
0.9860000000000008,37.068200728707026
0.9880000000000008,37.13406855395147
0.9900000000000008,37.200163374206426
0.9920000000000008,37.26644833702481
0.9940000000000008,37.332147399516465
0.9960000000000008,37.398464371488565
0.9980000000000008,37.464027889669836
1.0000000000000007,37.53008060277062
1.0020000000000007,37.59566808099479
1.0040000000000007,37.661574372906244
1.0060000000000007,37.72711780718152
1.0080000000000007,37.79230515143067
1.0100000000000007,37.85776864236711
1.0120000000000007,37.923135269452715
1.0140000000000007,37.98858461527494
1.0160000000000007,38.05350237041734
1.0180000000000007,38.11899530538307
1.0200000000000007,38.18405112673214
1.0220000000000007,38.2489094712358
1.0240000000000007,38.313640925725856
1.0260000000000007,38.378520028991794
1.0280000000000007,38.44347576890618
1.0300000000000007,38.50814038031526
1.0320000000000007,38.57272245289134
1.0340000000000007,38.637493785186436
1.0360000000000007,38.70165521323749
1.0380000000000007,38.7661171313705
1.0400000000000007,38.8304670136534
1.0420000000000007,38.895138217450636
1.0440000000000007,38.959027503215665
1.0460000000000007,39.022948647232624
1.0480000000000007,39.087270805329474
1.0500000000000007,39.15135967267268
1.0520000000000007,39.21532905031214
1.0540000000000007,39.27947998878659
1.0560000000000007,39.343220053656175
1.0580000000000007,39.407165670801234
1.0600000000000007,39.471182917652435
1.0620000000000007,39.53410431180622
1.0640000000000007,39.59798116642414
1.0660000000000007,39.661026723810096
1.0680000000000007,39.72451155160644
1.0700000000000007,39.7881491953967
1.0720000000000007,39.85113615795324
1.0740000000000007,39.91438751797737
1.0760000000000007,39.977962330743345
1.0780000000000007,40.04046009162018
1.0800000000000007,40.10401572574772
1.0820000000000007,40.16678539183869
1.0840000000000007,40.23001773724132
1.0860000000000007,40.292504447976796
1.0880000000000007,40.35520420179303
1.0900000000000007,40.418280016527355
1.0920000000000007,40.48059976514569
1.0940000000000007,40.543278877365914
1.0960000000000008,40.60573686720548
1.0980000000000008,40.667867432993646
1.1000000000000008,40.73044178236343
1.1020000000000008,40.79280857052999
1.1040000000000008,40.85491351408724
1.1060000000000008,40.917205136176655
1.1080000000000008,40.97922269139345
1.1100000000000008,41.04101336906696
1.1120000000000008,41.10316589604982
1.1140000000000008,41.16490526872611
1.1160000000000008,41.22703241389035
1.1180000000000008,41.28914766264558
1.1200000000000008,41.35086307191973
1.1220000000000008,41.4124556940984
1.1240000000000008,41.47372979666336
1.1260000000000008,41.535441621635094
1.1280000000000008,41.59686938936908
1.1300000000000008,41.658555466702055
1.1320000000000008,41.720007752840544
1.1340000000000008,41.78162597780526
1.1360000000000008,41.84234955930931
1.1380000000000008,41.903328835559165
1.1400000000000008,41.96451605159674
1.1420000000000008,42.026122092252855
1.1440000000000008,42.086758783784745
1.1460000000000008,42.14730566713061
1.1480000000000008,42.20828356042695
1.1500000000000008,42.26923205478788
1.1520000000000008,42.329783546002496
1.1540000000000008,42.39048347326734
1.1560000000000008,42.4510511495298
1.1580000000000008,42.51178895604303
1.1600000000000008,42.57198218854953
1.1620000000000008,42.63267259783724
1.1640000000000008,42.692672670541036
1.1660000000000008,42.75334175896441
1.1680000000000008,42.813571204033614
1.1700000000000008,42.87426687016064
1.1720000000000008,42.9336760006895
1.1740000000000008,42.99405070038994
1.1760000000000008,43.05414974019264
1.1780000000000008,43.11383415316091
1.1800000000000008,43.17411275183318
1.1820000000000008,43.23372458580127
1.1840000000000008,43.29329910539702
1.1860000000000008,43.35303936810839
1.1880000000000008,43.41303902175496
1.1900000000000008,43.472703875984486
1.1920000000000008,43.53236848104843
1.1940000000000008,43.59145155846071
1.1960000000000008,43.65119337288175
1.1980000000000008,43.71057931088454
1.2000000000000008,43.76954399961828
1.2020000000000008,43.828768616876765
1.2040000000000008,43.88799303858927
1.2060000000000008,43.94710204446398
1.2080000000000009,44.0063534921898
1.2100000000000009,44.06473202939164
1.2120000000000009,44.12427097398411
1.2140000000000009,44.183251708870046
1.2160000000000009,44.24173655542758
1.2180000000000009,44.30066886028885
1.2200000000000009,44.359311059792894
1.2220000000000009,44.41815438738822
1.2240000000000009,44.47686237616206
1.2260000000000009,44.53533136952417
1.2280000000000009,44.593962139272485
1.2300000000000009,44.65248434626881
1.2320000000000009,44.71033421395534
1.2340000000000009,44.768956489569064
1.2360000000000009,44.82736365225248
1.2380000000000009,44.88545469399028
1.2400000000000009,44.94340511399245
1.2420000000000009,45.00189681821833
1.2440000000000009,45.059380419289646
1.2460000000000009,45.11780637242719
1.2480000000000009,45.175773378733226
1.2500000000000009,45.23370498949178
1.252000000000001,45.29135431413638
1.254000000000001,45.34907545335467
1.256000000000001,45.406948466457926
1.258000000000001,45.464513314331285
1.260000000000001,45.52181703681143
1.262000000000001,45.579482827437936
1.264000000000001,45.63721843977495
1.266000000000001,45.69443432503046
1.268000000000001,45.751979609331855
1.270000000000001,45.80917123335321
1.272000000000001,45.866722823287375
1.274000000000001,45.924174401444354
1.276000000000001,45.98075445393744
1.278000000000001,46.03818216999325
1.280000000000001,46.09519698685247
1.282000000000001,46.15201608807421
1.284000000000001,46.20917319419592
1.286000000000001,46.26654651038791
1.288000000000001,46.32284813634577
1.290000000000001,46.379731561466954
1.292000000000001,46.43657004944788
1.294000000000001,46.493008953094744
1.296000000000001,46.54926434777336
1.298000000000001,46.606423326626626
1.300000000000001,46.66258200056575
1.302000000000001,46.7186557055495
1.304000000000001,46.775463121378145
1.306000000000001,46.83181609617154
1.308000000000001,46.88858220472931
1.310000000000001,46.944457771940975
1.312000000000001,47.001151690585516
1.314000000000001,47.057165876678404
1.316000000000001,47.11300202102103
1.318000000000001,47.168947663729135
1.320000000000001,47.22535808188622
1.322000000000001,47.28115987843095
1.324000000000001,47.336792228948845
1.326000000000001,47.39263438751926
1.328000000000001,47.44865918755441
1.330000000000001,47.50452458274515
1.332000000000001,47.560129552055336
1.334000000000001,47.61605928650901
1.336000000000001,47.67119811189104
1.338000000000001,47.72666742690656
1.340000000000001,47.78246434509882
1.342000000000001,47.837521199770435
1.344000000000001,47.89328762506366
1.346000000000001,47.948079774897195
1.348000000000001,48.00350614993407
1.350000000000001,48.05898230283923
1.352000000000001,48.11421762426321
1.354000000000001,48.16908948200238
1.356000000000001,48.22446459446731
1.358000000000001,48.27889156182471
1.360000000000001,48.334018467046675
1.362000000000001,48.38906784591865
1.364000000000001,48.44400552678935
1.366000000000001,48.4984791421007
1.368000000000001,48.553759730600504
1.370000000000001,48.60819634694161
1.372000000000001,48.66268451378022
1.374000000000001,48.71734910448261
1.376000000000001,48.772404050118766
1.378000000000001,48.82649129362491
1.380000000000001,48.88102465084349
1.382000000000001,48.935675887591515
1.384000000000001,48.989799285906585
1.386000000000001,49.0440032870605
1.388000000000001,49.09826890845987
1.390000000000001,49.153068318591544
1.392000000000001,49.20664079740987
1.394000000000001,49.26099443779783
1.396000000000001,49.3152624661252
1.398000000000001,49.36925297082337
1.400000000000001,49.42342011005688
1.402000000000001,49.477137620977096
1.404000000000001,49.53140632927646
1.406000000000001,49.585007581535265
1.408000000000001,49.63838556088058
1.410000000000001,49.69224213402799
1.412000000000001,49.74584622728302
1.414000000000001,49.799440344079336
1.416000000000001,49.853024753924096
1.418000000000001,49.90688447095641
1.420000000000001,49.96078617239449
1.422000000000001,50.01384046904573
1.424000000000001,50.06725254042723
1.426000000000001,50.12062153946973
1.428000000000001,50.174085175744516
1.430000000000001,50.22727138607756
1.432000000000001,50.280323191203685
1.434000000000001,50.33410058760783
1.436000000000001,50.386636823986954
1.438000000000001,50.43963038404864
1.440000000000001,50.49265647370498
1.442000000000001,50.54566299001183
1.444000000000001,50.599131719139166
1.446000000000001,50.6514496432343
1.448000000000001,50.70436253141204
1.450000000000001,50.757014128976984
1.452000000000001,50.80975893876828
1.454000000000001,50.862689996867054
1.456000000000001,50.9155815469207
1.458000000000001,50.967721967837726
1.460000000000001,51.02027824868187
1.462000000000001,51.07316788214616
1.464000000000001,51.125620022739795
1.466000000000001,51.17772909114651
1.468000000000001,51.230003469814896
1.470000000000001,51.28265667931466
1.472000000000001,51.33457911434241
1.474000000000001,51.38731594363736
1.476000000000001,51.439125060559824
1.478000000000001,51.491375341528276
1.480000000000001,51.54360077942806
1.482000000000001,51.5957097582073
1.484000000000001,51.647929512541204
1.486000000000001,51.69962721804385
1.488000000000001,51.75187054483607
1.490000000000001,51.80356714321388
1.492000000000001,51.85545893147664
1.494000000000001,51.90727648424041
1.496000000000001,51.95872917042131
1.498000000000001,52.010584063067974
1.500000000000001,52.061942738141106
1.5020000000000011,52.11403531886151
1.5040000000000011,52.16575358494026
1.5060000000000011,52.21703661707827
1.5080000000000011,52.2679317397452
1.5100000000000011,52.31984377318368
1.5120000000000011,52.37145995383232
1.5140000000000011,52.422806799798835
1.5160000000000011,52.47398668043249
1.5180000000000011,52.52531853775864
1.5200000000000011,52.57656160460062
1.5220000000000011,52.627827180346
1.5240000000000011,52.678843551237435
1.5260000000000011,52.72992047060593
1.5280000000000011,52.781122233264234
1.5300000000000011,52.83188881872213
1.5320000000000011,52.88300795747771
1.5340000000000011,52.933784073521664
1.5360000000000011,52.98462051129785
1.5380000000000011,53.03587567441735
1.5400000000000011,53.08578957731219
1.5420000000000011,53.13693792802774
1.5440000000000011,53.187829029317605
1.5460000000000012,53.23843995229786
1.5480000000000012,53.28911922031534
1.5500000000000012,53.33947931334732
1.5520000000000012,53.3903081488433
1.5540000000000012,53.44024688880028
1.5560000000000012,53.49058830948271
1.5580000000000012,53.54124693961874
1.5600000000000012,53.5917311049162
1.5620000000000012,53.6420875205745
1.5640000000000012,53.69297339271195
1.5660000000000012,53.742463499750755
1.5680000000000012,53.79266190082154
1.5700000000000012,53.84256167017787
1.5720000000000012,53.89255503910918
1.5740000000000012,53.94308184092705
1.5760000000000012,53.99361313330691
1.5780000000000012,54.04301204623219
1.5800000000000012,54.093392060881385
1.5820000000000012,54.14291435281308
1.5840000000000012,54.1929043142126
1.5860000000000012,54.24264132606284
1.5880000000000012,54.29269750516115
1.5900000000000012,54.34233578478231
1.5920000000000012,54.391850467147265
1.5940000000000012,54.44153296046389
1.5960000000000012,54.491068603761356
1.5980000000000012,54.540642160534425
1.6000000000000012,54.59029015968541
1.6020000000000012,54.63966375169061
1.6040000000000012,54.689064563392556
1.6060000000000012,54.738291247009855
1.6080000000000012,54.78766632954777
1.6100000000000012,54.83716651707807
1.6120000000000012,54.886279318371955
1.6140000000000012,54.935707552227974
1.6160000000000012,54.98516847615441
1.6180000000000012,55.03420480143343
1.6200000000000012,55.083020698802756
1.6220000000000012,55.13228573078464
1.6240000000000012,55.18138575937888
1.6260000000000012,55.23042407824723
1.6280000000000012,55.279275726957586
1.6300000000000012,55.32833182108165
1.6320000000000012,55.377088368715796
1.6340000000000012,55.42587023628714
1.6360000000000012,55.474818480189015
1.6380000000000012,55.52383841117871
1.6400000000000012,55.572081198836734
1.6420000000000012,55.62095773319552
1.6440000000000012,55.66955015983412
1.6460000000000012,55.71852356970854
1.6480000000000012,55.76682371641742
1.6500000000000012,55.815386480802836
1.6520000000000012,55.863584059164474
1.6540000000000012,55.91253786644705
1.6560000000000012,55.96099956230613
1.6580000000000013,56.00939277498459
1.6600000000000013,56.057589582445885
1.6620000000000013,56.10534127289381
1.6640000000000013,56.15399353693406
1.6660000000000013,56.20187238623961
1.6680000000000013,56.25015372677638
1.6700000000000013,56.298091472703575
1.6720000000000013,56.34638941928256
1.6740000000000013,56.39479148433001
1.6760000000000013,56.4425890506393
1.6780000000000013,56.49056906030467
1.6800000000000013,56.5380880994776
1.6820000000000013,56.58680040849258
1.6840000000000013,56.634044746967355
1.6860000000000013,56.68210441160726
1.6880000000000013,56.72965027862557
1.6900000000000013,56.77753509139011
1.6920000000000013,56.82513191115543
1.6940000000000013,56.87331613137457
1.6960000000000013,56.920400562818806
1.6980000000000013,56.968094936935444
1.7000000000000013,57.01584573042239
1.7020000000000013,57.06356697718422
1.7040000000000013,57.11084580770385
1.7060000000000013,57.1584752615287
1.7080000000000013,57.20554913771748
1.7100000000000013,57.25277606222705
1.7120000000000013,57.30023618982676
1.7140000000000013,57.34763051359815
1.7160000000000013,57.39438972561488
1.7180000000000013,57.44207680468454
1.7200000000000013,57.48918112566237
1.7220000000000013,57.53682795403347
1.7240000000000013,57.58357499026423
1.7260000000000013,57.63042883042661
1.7280000000000013,57.67776491202484
1.7300000000000013,57.72500284470214
1.7320000000000013,57.77199994072217
1.7340000000000013,57.81853901405665
1.7360000000000013,57.86521308522087
1.7380000000000013,57.91238577296128
1.7400000000000013,57.95929532498917
1.7420000000000013,58.0060638962399
1.7440000000000013,58.0525890885069
1.7460000000000013,58.099316917490874
1.7480000000000013,58.145971589453886
1.7500000000000013,58.192838462204115
1.7520000000000013,58.23917202480433
1.7540000000000013,58.28597024171536
1.7560000000000013,58.332615339515264
1.7580000000000013,58.37917556580946
1.7600000000000013,58.42566886654515
1.7620000000000013,58.47180307720177
1.7640000000000013,58.51851722952172
1.7660000000000013,58.56475717505577
1.7680000000000013,58.61075302148334
1.7700000000000014,58.657133071548536
1.7720000000000014,58.703210396017816
1.7740000000000014,58.74966101898164
1.7760000000000014,58.79575445408199
1.7780000000000014,58.84149010764446
1.7800000000000014,58.888019224040825
1.7820000000000014,58.9338516733193
1.7840000000000014,58.980007500368856
1.7860000000000014,59.0257855731462
1.7880000000000014,59.07191005811023
1.7900000000000014,59.11806590349355
1.7920000000000014,59.163915379309216
1.7940000000000014,59.20987801232886
1.7960000000000014,59.255576638957315
1.7980000000000014,59.301233872384934
1.8000000000000014,59.34683802807487
1.8020000000000014,59.3923252216237
1.8040000000000014,59.438341638356825
1.8060000000000014,59.48374233459514
1.8080000000000014,59.529787551282304
1.8100000000000014,59.574896303488806
1.8120000000000014,59.62072147967914
1.8140000000000014,59.66625684492671
1.8160000000000014,59.711409046730196
1.8180000000000014,59.7572598610956
1.8200000000000014,59.80232220302571
1.8220000000000014,59.84764463901069
1.8240000000000014,59.893005522023046
1.8260000000000014,59.93831158703644
1.8280000000000014,59.98313027584575
1.8300000000000014,60.02876133469673
1.8320000000000014,60.074035638476445
1.8340000000000014,60.11907034039983
1.8360000000000014,60.164526574770754
1.8380000000000014,60.209391459328096
1.8400000000000014,60.25446046009231
1.8420000000000014,60.299536551543035
1.8440000000000014,60.344419655771155
1.8460000000000014,60.38937549629793
1.8480000000000014,60.434505390700764
1.8500000000000014,60.47948052681715
1.8520000000000014,60.5239169006359
1.8540000000000014,60.56882610154375
1.8560000000000014,60.61354154379731
1.8580000000000014,60.65865503081449
1.8600000000000014,60.703363733327535
1.8620000000000014,60.74793843750638
1.8640000000000014,60.792807207042486
1.8660000000000014,60.83720018785977
1.8680000000000014,60.88161849598057
1.8700000000000014,60.926421382674775
1.8720000000000014,60.97023610360446
1.8740000000000014,61.01558628578253
1.8760000000000014,61.05952272130513
1.8780000000000014,61.10392783419532
1.8800000000000014,61.14876306274528
1.8820000000000014,61.19239087784517
1.8840000000000015,61.23710305898829
1.8860000000000015,61.28177637113548
1.8880000000000015,61.32596206573863
1.8900000000000015,61.36985867394762
1.8920000000000015,61.41421477215847
1.8940000000000015,61.45808920673022
1.8960000000000015,61.502268264934386
1.8980000000000015,61.546574687490526
1.9000000000000015,61.5903254199438
1.9020000000000015,61.63466374013786
1.9040000000000015,61.678197637668795
1.9060000000000015,61.72216477859695
1.9080000000000015,61.76666685979024
1.9100000000000015,61.810006236046405
1.9120000000000015,61.85398070992523
1.9140000000000015,61.89793106427399
1.9160000000000015,61.94209363711503
1.9180000000000015,61.98523683547155
1.9200000000000015,62.02946062954915
1.9220000000000015,62.07303139746913
1.9240000000000015,62.11680897523649
1.9260000000000015,62.16057805396962
1.9280000000000015,62.203512943363755
1.9300000000000015,62.24755150209495
1.9320000000000015,62.2908926554977
1.9340000000000015,62.334588826675045
1.9360000000000015,62.37810042009715
1.9380000000000015,62.421473086067884
1.9400000000000015,62.46499271275568
1.9420000000000015,62.50834290120823
1.9440000000000015,62.55181538566467
1.9460000000000015,62.595129607103374
1.9480000000000015,62.6377497867051
1.9500000000000015,62.680938362839136
1.9520000000000015,62.72452997730502
1.9540000000000015,62.767721089876034
1.9560000000000015,62.810843057517395
1.9580000000000015,62.854600670207994
1.9600000000000015,62.89734419158721
1.9620000000000015,62.94039263255531
1.9640000000000015,62.983315280871594
1.9660000000000015,63.02649589847242
1.9680000000000015,63.06929595764339
1.9700000000000015,63.112238551913336
1.9720000000000015,63.155544924129174
1.9740000000000015,63.198357501915154
1.9760000000000015,63.241156317457865
1.9780000000000015,63.28358195623569
1.9800000000000015,63.326276911274185
1.9820000000000015,63.36935758841184
1.9840000000000015,63.4122040483034
1.9860000000000015,63.45490186798497
1.9880000000000015,63.49757233670482
1.9900000000000015,63.540262975548565
1.9920000000000015,63.582732649997055
1.9940000000000015,63.625167768490975
1.9960000000000016,63.668185537861866
1.9980000000000016,63.7103043526626
2.0000000000000013,63.75232124293308
2.002000000000001,63.79549612855016
2.004000000000001,63.8379557955743
2.0060000000000007,63.880250560233016
2.0080000000000005,63.921831975017334
2.0100000000000002,63.96508394268006
2.012,64.0069992194144
2.014,64.04937460161811
2.0159999999999996,64.09123035100106
2.0179999999999993,64.13386102558687
2.019999999999999,64.17621482092625
2.021999999999999,64.21814103233872
2.0239999999999987,64.26019436260565
2.0259999999999985,64.30240023331004
2.0279999999999982,64.34436730314658
2.029999999999998,64.38620401415821
2.031999999999998,64.42828894937095
2.0339999999999976,64.4705401286616
2.0359999999999974,64.51260517756312
2.037999999999997,64.55468926815048
2.039999999999997,64.59588709698754
2.0419999999999967,64.63782287266552
2.0439999999999965,64.67986528929933
2.0459999999999963,64.72208003868892
2.047999999999996,64.76353079430515
2.049999999999996,64.80486540395955
2.0519999999999956,64.84666441296667
2.0539999999999954,64.88886557008887
2.055999999999995,64.9299790316933
2.057999999999995,64.9720331100969
2.0599999999999947,65.01319243857922
2.0619999999999945,65.05488424979147
2.0639999999999943,65.09638156351937
2.065999999999994,65.13846657163694
2.067999999999994,65.1796784370375
2.0699999999999936,65.22086042303395
2.0719999999999934,65.2624068717089
2.073999999999993,65.30351561835823
2.075999999999993,65.34527455451733
2.0779999999999927,65.38672171164711
2.0799999999999925,65.42811449271896
2.0819999999999923,65.46916120551174
2.083999999999992,65.51016656575511
2.085999999999992,65.5515351795554
2.0879999999999916,65.59272591874107
2.0899999999999914,65.63347880510061
2.091999999999991,65.67518950232433
2.093999999999991,65.71665537032435
2.0959999999999908,65.75720739569611
2.0979999999999905,65.7980547326971
2.0999999999999903,65.83914485573605
2.10199999999999,65.88051114485154
2.10399999999999,65.92145071294779
2.1059999999999897,65.96214994810227
2.1079999999999894,66.00322908725671
2.109999999999989,66.04387515955813
2.111999999999989,66.08510558213202
2.1139999999999888,66.12552305129346
2.1159999999999886,66.16636600853535
2.1179999999999883,66.20739901311363
2.119999999999988,66.24825093931388
2.121999999999988,66.2885382929618
2.1239999999999877,66.32925277538135
2.1259999999999875,66.36983816529451
2.1279999999999872,66.41043965081255
2.129999999999987,66.45137055452712
2.131999999999987,66.49175735423042
2.1339999999999866,66.53245069294601
2.1359999999999864,66.57261005562823
2.137999999999986,66.61368009235433
2.139999999999986,66.65354790520351
2.1419999999999857,66.69442445914186
2.1439999999999855,66.73444563136225
2.1459999999999853,66.77492805578947
2.147999999999985,66.81519140534186
2.149999999999985,66.85604019262952
2.1519999999999846,66.89589469492893
2.1539999999999844,66.93645403437316
2.155999999999984,66.97656203687457
2.157999999999984,67.01703167123294
2.1599999999999837,67.0568120677678
2.1619999999999835,67.09732107072477
2.1639999999999833,67.13691617879341
2.165999999999983,67.17710881648541
2.167999999999983,67.21729122716816
2.1699999999999826,67.25808538469971
2.1719999999999824,67.29756449445615
2.173999999999982,67.33742959535331
2.175999999999982,67.37742438684514
2.1779999999999817,67.41760339017056
2.1799999999999815,67.4572366984087
2.1819999999999813,67.49768356586776
2.183999999999981,67.53712685841704
2.185999999999981,67.57695506320445
2.1879999999999806,67.61679887728734
2.1899999999999804,67.65665355350684
2.19199999999998,67.69647930297026
2.19399999999998,67.73636693480604
2.1959999999999797,67.77627758741419
2.1979999999999795,67.81521999807443
2.1999999999999793,67.85499513105476
2.201999999999979,67.89469529464233
2.203999999999979,67.93411868528526
2.2059999999999786,67.97372124200162
2.2079999999999784,68.01330579619662
2.209999999999978,68.05283855840389
2.211999999999978,68.09263321787401
2.2139999999999778,68.13206682492176
2.2159999999999775,68.17194547351785
2.2179999999999773,68.21130236528559
2.219999999999977,68.25049699240354
2.221999999999977,68.28931870775969
2.2239999999999767,68.32913406099578
2.2259999999999764,68.36830903875375
2.227999999999976,68.40744565141371
2.229999999999976,68.44650805138625
2.231999999999976,68.48633854169884
2.2339999999999756,68.525607462451
2.2359999999999753,68.56430188113102
2.237999999999975,68.60348379917102
2.239999999999975,68.6426549218619
2.2419999999999747,68.68155608030881
2.2439999999999745,68.72106144555704
2.2459999999999742,68.75973425523712
2.247999999999974,68.7990129291258
2.249999999999974,68.83768897929522
2.2519999999999736,68.87707538223027
2.2539999999999734,68.91572271046945
2.255999999999973,68.95492823735151
2.257999999999973,68.99389522944796
2.2599999999999727,69.03264614965306
2.2619999999999725,69.07134995477374
2.2639999999999723,69.11012897100252
2.265999999999972,69.14902331229673
2.267999999999972,69.18747767992905
2.2699999999999716,69.22658203558433
2.2719999999999714,69.26532272598104
2.273999999999971,69.30370159871363
2.275999999999971,69.34233268890667
2.2779999999999707,69.38094030364084
2.2799999999999705,69.4197615547513
2.2819999999999703,69.45881851367027
2.28399999999997,69.4970822142946
2.28599999999997,69.53533661246625
2.2879999999999696,69.57403488090186
2.2899999999999694,69.61293264595236
2.291999999999969,69.65091934041484
2.293999999999969,69.68946951938665
2.2959999999999687,69.72774615119356
2.2979999999999685,69.76663917860209
2.2999999999999683,69.80465230733292
2.301999999999968,69.84296651283326
2.303999999999968,69.88153479872743
2.3059999999999676,69.91978242543956
2.3079999999999674,69.95809841052527
2.309999999999967,69.99625260185655
2.311999999999967,70.03500366483829
2.3139999999999668,70.07288913637598
2.3159999999999665,70.11052124875339
2.3179999999999663,70.14913157780721
2.319999999999966,70.18698611651217
2.321999999999966,70.22526272293557
2.3239999999999656,70.26313214429358
2.3259999999999654,70.30131579870682
2.327999999999965,70.3391553901028
2.329999999999965,70.37723383061997
2.3319999999999648,70.41491212038694
2.3339999999999645,70.4530973615471
2.3359999999999643,70.4909178120138
2.337999999999964,70.52906511229709
2.339999999999964,70.56692408324166
2.3419999999999637,70.60463670568764
2.3439999999999634,70.64274897566996
2.3459999999999632,70.6806165472268
2.347999999999963,70.71808451436112
2.349999999999963,70.75573243021137
2.3519999999999626,70.79345539026058
2.3539999999999623,70.83124666151036
2.355999999999962,70.86919788508717
2.357999999999962,70.9070722428169
2.3599999999999617,70.94459478294165
2.3619999999999615,70.98188408185737
2.3639999999999612,71.019818583601
2.365999999999961,71.056976665124
2.367999999999961,71.09454960168537
2.3699999999999606,71.13207161277052
2.3719999999999604,71.16996363128568
2.37399999999996,71.20713341116911
2.37599999999996,71.24481497229634
2.3779999999999597,71.28202335591278
2.3799999999999595,71.31975987600933
2.3819999999999593,71.35667661991945
2.383999999999959,71.39367812721888
2.385999999999959,71.43157947048137
2.3879999999999586,71.46891368889561
2.3899999999999584,71.50602408906379
2.391999999999958,71.54290337811679
2.393999999999958,71.58071274900664
2.3959999999999577,71.61812440866599
2.3979999999999575,71.65487322169957
2.3999999999999573,71.69217852532084
